region,population,sep,sep_bins,P_contact_is_sister,eps_capture,eps_LL_only,purity,g1daughter_frac,f_pixel,f_band_chr1,reads_pixel_1,reads_pixel_10,reads_band_10
arm,"ideal G2 (sync, fully labelled)",10 kb,1,1.0,0.74995,0.25021,1.0,0.0,1.331880960210457e-05,0.0405025,100116.1661384748,1001161.6613847481,329.2211974300388
arm,"ideal G2 (sync, fully labelled)",50 kb,5,1.0,0.74975,0.24944,1.0,0.0,5.949539018768522e-06,0.01806875,224182.7226735769,2241827.2267357693,738.1716255303817
arm,"ideal G2 (sync, fully labelled)",100 kb,10,1.0,0.74871,0.24993,1.0,0.0,3.674967018469657e-06,0.0111425,363438.5465084039,3634385.465084039,1198.6759449485617
arm,"ideal G2 (sync, fully labelled)",500 kb,50,1.0,0.24926,0.24926,1.0,0.0,1.0269050802139038e-06,0.0030725,3906763.3686354402,39067633.6863544,13057.364199984762
arm,"ideal G2 (sync, fully labelled)",2 Mb,200,1.0,0.25153,0.25153,1.0,0.0,3.4834623504574245e-07,0.00099,11412829.594647776,114128295.94647777,40157.739601153335
arm,HU-sync 40%,10 kb,1,0.4883,0.32377,0.10807,0.998,0.0,1.331880960210457e-05,0.0405025,231900.9113816392,2319009.113816392,762.5810962895074
arm,HU-sync 40%,50 kb,5,0.4866,0.32433,0.10713,0.998,0.0,5.949539018768522e-06,0.01806875,518243.6916959405,5182436.916959405,1706.432965742313
arm,HU-sync 40%,100 kb,10,0.4849,0.32367,0.10876,0.996,0.0,3.674967018469657e-06,0.0111425,840714.5796646617,8407145.796646617,2772.8053419019184
arm,HU-sync 40%,500 kb,50,0.4834,0.10623,0.10623,1.0,0.0,1.0269050802139038e-06,0.0030725,9167188.125386626,91671881.25386626,30638.997745276156
arm,HU-sync 40%,2 Mb,200,0.4879,0.10729,0.10729,1.0,0.0,3.4834623504574245e-07,0.00099,26757351.681231625,267573516.81231627,94149.72442375662
arm,async 3 h pulse,10 kb,1,0.2471,0.10501,0.034,0.993,0.0,1.331880960210457e-05,0.0405025,715019.2217160375,7150192.217160375,2351.263471608147
arm,async 3 h pulse,50 kb,5,0.244,0.10454,0.03454,0.986,0.0,5.949539018768522e-06,0.01806875,1607808.0069712268,16078080.069712268,5294.0665359605755
arm,async 3 h pulse,100 kb,10,0.2404,0.1023,0.03301,0.978,0.0,3.674967018469657e-06,0.0111425,2659934.36576861,26599343.6576861,8772.870599500693
arm,async 3 h pulse,500 kb,50,0.2382,0.03295,0.03295,1.0,0.0,1.0269050802139038e-06,0.0030725,29556854.63170993,295568546.31709933,98786.2788492979
arm,async 3 h pulse,2 Mb,200,0.2461,0.03341,0.03341,1.0,0.0,3.4834623504574245e-07,0.00099,85915016.08261384,859150160.8261384,302304.7715785146
pericentromere,"ideal G2 (sync, fully labelled)",10 kb,1,1.0,0.74995,0.25021,1.0,0.0,1.331880960210457e-05,0.0405025,100116.1661384748,1001161.6613847481,329.2211974300388
pericentromere,"ideal G2 (sync, fully labelled)",50 kb,5,1.0,0.74975,0.24944,1.0,0.0,5.949539018768522e-06,0.01806875,224182.7226735769,2241827.2267357693,738.1716255303817
pericentromere,"ideal G2 (sync, fully labelled)",100 kb,10,1.0,0.74871,0.24993,1.0,0.0,3.674967018469657e-06,0.0111425,363438.5465084039,3634385.465084039,1198.6759449485617
pericentromere,"ideal G2 (sync, fully labelled)",500 kb,50,1.0,0.24926,0.24926,1.0,0.0,1.0269050802139038e-06,0.0030725,3906763.3686354402,39067633.6863544,13057.364199984762
pericentromere,"ideal G2 (sync, fully labelled)",2 Mb,200,1.0,0.25153,0.25153,1.0,0.0,3.4834623504574245e-07,0.00099,11412829.594647776,114128295.94647777,40157.739601153335
pericentromere,HU-sync 40%,10 kb,1,0.4589,0.32392,0.10775,0.999,0.0009,1.331880960210457e-05,0.0405025,231791.13693194426,2317911.3693194427,762.2201148699252
pericentromere,HU-sync 40%,50 kb,5,0.4589,0.32436,0.10796,0.999,0.0009,5.949539018768522e-06,0.01806875,518190.4336193491,5181904.336193491,1706.2576016442179
pericentromere,HU-sync 40%,100 kb,10,0.4589,0.32306,0.10782,0.998,0.0008,3.674967018469657e-06,0.0111425,842293.3375166495,8422933.375166494,2778.012326901878
pericentromere,HU-sync 40%,500 kb,50,0.4587,0.1071,0.1071,1.0,0.0008,1.0269050802139038e-06,0.0030725,9092435.455332119,90924354.55332118,30389.155933596652
pericentromere,HU-sync 40%,2 Mb,200,0.4583,0.10725,0.10725,1.0,0.0009,3.4834623504574245e-07,0.00099,26767331.423264783,267673314.23264784,94184.83963147356
pericentromere,async 3 h pulse,10 kb,1,0.1887,0.10358,0.03514,0.994,0.0016,1.331880960210457e-05,0.0405025,724867.5909924249,7248675.909924248,2383.648770116491
pericentromere,async 3 h pulse,50 kb,5,0.1887,0.10331,0.03424,0.991,0.0016,5.949539018768522e-06,0.01806875,1626897.93878272,16268979.387827199,5356.924395069871
pericentromere,async 3 h pulse,100 kb,10,0.1887,0.10309,0.03407,0.992,0.0016,3.674967018469657e-06,0.0111425,2639636.0889037913,26396360.88903791,8705.923776067912
pericentromere,async 3 h pulse,500 kb,50,0.1881,0.03319,0.03319,1.0,0.0016,1.0269050802139038e-06,0.0030725,29337211.40588682,293372114.0588682,98052.17715871264
pericentromere,async 3 h pulse,2 Mb,200,0.1874,0.03344,0.03344,1.0,0.0017,3.4834623504574245e-07,0.00099,85846503.31061815,858465033.1061814,302063.69919288583
